{"cameraMode":{"drawMode":0,"name":"Shaded","section":"Shading Mode"},"sceneLighting":false,"audioPlay":false,"sceneViewState":{"showFog":true,"showMaterialUpdate":false,"showSkybox":false,"showFlares":true,"showImageEffects":true,"showParticleSystems":true},"in2DMode":false,"pivot":{"x":1.3799999952316285,"y":2.5799996852874758,"z":-0.04999995231628418},"rotation":{"x":-0.022791951894760133,"y":-0.03688457980751991,"z":0.0008414709009230137,"w":-0.9990618228912354},"size":7.372798442840576,"orthographic":false}